user_id,age,gender,location,join_date
1001,56,M,East Lawrencefurt,2023-07-08
1002,69,M,West Amanda,2021-11-09
1003,46,M,Briannamouth,2023-11-10
1004,32,F,Kevinland,2024-08-13
1005,60,M,South Heatherhaven,2024-02-11
1006,25,M,Barnesshire,2024-01-17
1007,38,M,Grossshire,2021-10-18
1008,56,F,Haysbury,2024-06-03
1009,36,F,Scottshire,2024-01-02
1010,40,M,Williammouth,2023-07-09
1011,28,M,Jacobshaven,2023-07-06
1012,28,M,South James,2021-12-01
1013,41,M,Ashleyhaven,2023-10-06
1014,53,F,Lake Mike,2024-07-20
1015,57,F,Mariaborough,2023-09-05
1016,41,F,Cruzside,2022-01-14
1017,20,F,Armstrongbury,2021-09-20
1018,39,M,Port Timothy,2023-10-12
1019,19,M,West Travisstad,2022-11-11
1020,41,M,Riverston,2021-11-19
1021,61,F,East Thomas,2023-06-15
1022,47,M,West Jamesview,2022-08-13
1023,55,F,Martinbury,2023-08-11
1024,19,F,South Joeport,2022-09-04
1025,38,M,East Angelaland,2024-06-08
1026,50,M,North Wayne,2023-05-11
1027,29,M,East Makaylahaven,2022-09-28
1028,39,F,Schaeferfort,2022-02-12
1029,61,M,Brittanyton,2022-04-18
1030,42,F,New Paul,2024-02-28
1031,66,M,Gentrychester,2023-01-17
1032,44,F,North Jason,2023-04-08
1033,59,F,North Terrifort,2024-04-27
1034,45,M,West Matthewside,2023-05-02
1035,33,F,South Rachel,2022-07-12
1036,32,F,Baileyton,2021-09-05
1037,64,M,New Ericaberg,2024-07-10
1038,68,F,North Joshua,2024-07-17
1039,61,M,North Brenda,2022-02-08
1040,69,F,Lake Tyler,2023-10-17
1041,20,M,Catherinemouth,2023-09-22
1042,54,M,Elliottfort,2021-12-10
1043,68,F,South Gregoryburgh,2024-06-06
1044,24,F,Nicholasstad,2022-11-10
1045,38,F,Williamsborough,2023-08-27
1046,26,F,East Troyfort,2024-06-29
1047,56,F,Laurenfurt,2021-11-19
1048,35,M,South Stevenview,2023-04-02
1049,21,F,Davismouth,2023-08-18
1050,42,M,West Laurenburgh,2024-05-20
1051,31,M,Port James,2022-05-05
1052,67,F,Greenfurt,2022-04-23
1053,26,M,Pachecobury,2022-11-08
1054,43,M,Zamoraview,2022-09-16
1055,19,M,West Stevenstad,2022-03-01
1056,37,M,Butlerburgh,2022-07-06
1057,45,F,West Danny,2022-07-18
1058,64,M,Kellyborough,2023-08-31
1059,24,F,Marytown,2023-02-16
1060,61,F,Mckeemouth,2022-02-06
1061,25,M,West Patriciatown,2023-10-30
1062,64,F,Donaldside,2024-01-18
1063,52,F,West Bobby,2022-05-03
1064,31,F,Holtborough,2022-09-21
1065,34,M,Josehaven,2024-01-28
1066,53,F,New Robertfort,2023-06-24
1067,67,F,Vanessamouth,2024-07-03
1068,57,F,Robinsonchester,2024-08-20
1069,21,M,East Billbury,2023-12-13
1070,19,F,Lake Emilyville,2022-05-26
1071,23,M,East Maria,2024-03-31
1072,59,M,Timothyhaven,2023-12-24
1073,21,M,Colleenview,2024-07-28
1074,46,M,Lake Conniefurt,2023-07-28
1075,35,M,South William,2023-07-22
1076,43,M,Padillaside,2024-07-17
1077,61,F,Elizabethstad,2021-10-29
1078,51,M,Jonesmouth,2023-06-28
1079,27,F,East Anthonymouth,2024-04-08
1080,53,F,Howardport,2021-12-30
1081,31,M,Anthonyhaven,2022-08-23
1082,48,F,Brittanyton,2023-08-31
1083,65,F,South Dorothyshire,2024-05-27
1084,32,F,Williamfurt,2022-02-14
1085,25,F,Amberton,2023-02-12
1086,31,M,Grayfurt,2022-08-23
1087,40,F,Stephaniefort,2022-02-15
1088,57,M,North Dianeshire,2021-12-11
1089,38,F,Alexandriaborough,2022-11-30
1090,33,F,Ballberg,2021-09-24
1091,62,M,South Latoya,2024-06-19
1092,35,F,Martinezview,2024-03-13
1093,64,F,South Stephenbury,2024-07-23
1094,41,F,West Joshua,2021-11-17
1095,43,M,West Danielborough,2024-07-12
1096,42,F,Port David,2022-02-26
1097,62,M,Huntertown,2023-03-29
1098,58,F,West Toni,2023-08-06
1099,46,M,South Abigail,2022-03-12
1100,32,M,Lake Dianaside,2022-07-18
1101,62,F,Morsemouth,2024-05-03
1102,18,F,Port Jeffrey,2022-06-22
1103,42,M,Griffinfurt,2023-10-04
1104,24,M,West Cristina,2022-07-13
1105,26,F,Sanchezton,2022-03-07
1106,41,M,South Lori,2021-09-20
1107,18,F,Harrismouth,2024-01-07
1108,61,F,South Sylviafurt,2022-12-03
1109,25,F,North Robinbury,2021-10-27
1110,41,F,Alejandraland,2024-02-17
1111,28,M,Jordanbury,2021-10-19
1112,68,F,East Joseph,2024-08-11
1113,34,M,South Heatherview,2023-06-11
1114,25,F,Delgadoberg,2024-01-24
1115,52,M,Meyerstad,2023-06-20
1116,52,F,Lake Vanessafurt,2023-11-28
1117,50,M,Leeport,2023-10-17
1118,22,M,Newmanfurt,2022-05-19
1119,59,F,Brittanyberg,2024-08-13
1120,56,F,Mcintoshburgh,2024-01-10
1121,58,F,Henrystad,2022-03-13
1122,45,F,Simsstad,2022-12-06
1123,24,M,New Heather,2022-11-01
1124,26,F,South Raymondland,2021-09-22
1125,25,M,Port Susanborough,2022-10-04
1126,29,M,Suzanneside,2024-02-26
1127,51,F,Port Charles,2023-02-11
1128,50,M,Port Tonyfurt,2023-01-28
1129,65,M,East Gabrielview,2024-06-05
1130,40,M,Bonillaborough,2022-07-23
1131,41,M,Webbport,2023-02-11
1132,54,F,Dariusshire,2024-08-06
1133,52,F,Port Jeremyside,2023-11-29
1134,61,F,North Michaelside,2021-08-29
1135,57,F,East Saramouth,2024-08-17
1136,39,M,East Cynthia,2022-04-25
1137,44,M,New Timothyview,2022-04-12
1138,52,F,South Davidside,2023-04-25
1139,18,F,Port Kendratown,2024-02-27
1140,52,F,Glassfort,2022-07-03
1141,54,M,West Robertburgh,2023-10-30
1142,64,F,Brennanstad,2024-04-23
1143,31,F,East Jeffrey,2024-01-28
1144,20,F,Tranview,2022-02-14
1145,18,M,Port Frankton,2023-12-12
1146,22,M,Cheyenneland,2022-07-05
1147,43,M,Port Petertown,2021-09-24
1148,31,M,Nelsonville,2024-01-15
1149,56,M,Natalieville,2022-01-21
1150,44,M,Kevinmouth,2022-12-15
1151,26,M,Lake Danielleville,2024-01-04
1152,32,M,North Karenburgh,2023-06-15
1153,32,F,Rileytown,2022-08-24
1154,43,F,Lake Joseville,2023-05-27
1155,59,M,Jordanberg,2023-04-03
1156,30,M,Port Fernandofort,2023-04-01
1157,68,F,Annabury,2024-07-18
1158,49,M,Lake Seanport,2023-09-05
1159,56,M,Port Ricky,2024-07-01
1160,66,M,Kathleenhaven,2021-10-15
1161,69,F,Brianfort,2022-05-12
1162,49,F,Hawkinsville,2023-02-08
1163,21,F,East Victor,2022-12-25
1164,47,F,New Zachary,2024-07-15
1165,54,F,Andreaberg,2022-04-27
1166,40,M,South Kurtville,2023-03-10
1167,56,F,Port Kyle,2022-09-08
1168,62,M,West Loribury,2024-01-30
1169,32,M,Sarahtown,2022-05-28
1170,60,F,Lake Erik,2022-09-08
1171,46,F,Sloanmouth,2022-08-12
1172,53,M,West Christopher,2024-05-22
1173,30,M,Perrybury,2023-11-21
1174,49,M,Pottsfort,2023-09-27
1175,24,F,South Meagan,2023-06-21
1176,68,F,Danielmouth,2021-12-12
1177,39,F,Brandonville,2023-05-30
1178,45,F,Reynoldsmouth,2024-04-22
1179,19,F,West Sheryl,2023-11-17
1180,59,M,Ronaldfort,2023-09-09
1181,62,F,South Denise,2024-01-31
1182,23,M,North Corey,2023-09-05
1183,45,M,North Rebeccaberg,2023-10-24
1184,45,M,North Debbie,2023-11-04
1185,61,F,Loganborough,2021-11-12
1186,61,F,West Olivia,2022-02-20
1187,37,F,Shafferland,2022-04-13
1188,47,M,Hayesshire,2022-10-04
1189,28,M,Hestertown,2023-04-24
1190,45,M,East Jennifer,2023-03-25
1191,42,M,Port Sean,2022-07-13
1192,56,M,Mitchellville,2021-11-04
1193,50,M,Blackburnstad,2022-04-24
1194,18,F,Sextonfort,2023-12-20
1195,44,F,North Robert,2024-02-06
1196,69,F,North Kenneth,2023-04-08
1197,30,F,Veronicaport,2024-07-23
1198,58,M,Cynthiaton,2024-03-13
1199,20,M,Yatesshire,2023-09-27
1200,56,F,Ashleytown,2021-10-02
1201,23,M,Lake Richard,2024-05-18
1202,25,F,Brookebury,2023-11-30
1203,44,F,Edwardsborough,2022-09-04
1204,26,F,Port Amychester,2023-02-19
1205,54,M,Joshuamouth,2023-04-04
1206,50,F,West Lindaside,2023-09-14
1207,68,F,New Mary,2022-07-02
1208,59,F,Port Heathershire,2023-04-29
1209,61,M,Port Alexis,2022-06-26
1210,41,M,North Jamesville,2023-05-10
1211,32,F,East Paulmouth,2023-10-03
1212,49,M,South Kevinfort,2021-10-23
1213,49,M,North Melissa,2023-03-31
1214,41,M,Ryanhaven,2021-12-06
1215,58,M,Smithland,2021-11-06
1216,69,M,Ronaldmouth,2022-10-02
1217,66,M,Hickston,2022-03-13
1218,66,M,Gilbertland,2023-02-22
1219,69,M,Meltonport,2021-12-24
1220,29,M,South Trevor,2022-03-28
1221,56,M,Williamfort,2023-11-13
1222,19,F,West Melissa,2022-10-20
1223,20,F,Isaiahfort,2022-07-03
1224,66,M,East Veronica,2022-02-10
1225,54,F,South Jordanview,2024-03-23
1226,66,F,South Lisaville,2023-07-05
1227,34,M,Nealmouth,2021-08-31
1228,66,M,North Robert,2022-07-22
1229,19,M,Michellehaven,2022-04-04
1230,19,F,East Melissa,2023-12-10
1231,45,F,Barkerburgh,2022-01-07
1232,40,M,Hunterberg,2022-09-11
1233,54,M,Richardburgh,2023-09-07
1234,49,M,Jonesville,2022-04-25
1235,50,F,Port Josephhaven,2021-12-09
1236,18,F,Jenniferbury,2023-06-06
1237,36,F,Ballardburgh,2022-07-13
1238,19,F,East Carlos,2023-09-27
1239,61,M,Lake Kristopher,2023-03-16
1240,43,M,East April,2022-05-19
1241,49,M,Harveyburgh,2024-02-14
1242,23,M,Pattersonmouth,2024-02-06
1243,49,F,Reginaville,2022-09-17
1244,21,F,New Joseburgh,2022-10-29
1245,28,M,North Douglasberg,2022-05-08
1246,34,M,Edwardsland,2024-07-24
1247,55,F,Brooksside,2022-08-06
1248,41,M,West Christopherville,2022-12-30
1249,22,F,East John,2022-10-26
1250,69,M,West Sarahville,2024-06-28
1251,51,M,Lake Loriside,2024-04-10
1252,23,M,New Victoria,2024-03-20
1253,39,M,Matthewhaven,2023-09-10
1254,28,M,Kelseymouth,2022-05-24
1255,65,M,Foxmouth,2022-04-05
1256,33,M,South Stephenland,2021-09-18
1257,50,F,South Charlenemouth,2024-08-01
1258,26,F,Baileyside,2021-12-20
1259,23,F,West Adamhaven,2024-03-19
1260,33,F,Lake Williamberg,2023-05-24
1261,46,F,Cochranside,2023-03-12
1262,20,M,Port Jonathan,2024-04-16
1263,37,M,North Gail,2022-02-25
1264,53,F,West Brandon,2022-12-24
1265,36,M,Annaborough,2022-02-24
1266,43,F,Katelyntown,2022-06-12
1267,20,F,Torresborough,2021-11-13
1268,36,M,Petersenstad,2022-07-14
1269,37,M,Hollyshire,2022-05-25
1270,49,M,Lake Lauraberg,2022-11-17
1271,24,F,Lewisfurt,2022-06-14
1272,69,M,Lake Joshua,2021-09-30
1273,58,F,Smithside,2021-10-06
1274,50,F,Brownfort,2023-01-30
1275,57,F,Port Patrick,2022-04-13
1276,56,M,South Rhonda,2021-12-03
1277,35,M,Justinburgh,2022-02-02
1278,57,F,Port Leslieview,2024-01-19
1279,18,M,New Amy,2024-04-11
1280,28,M,Boydbury,2021-11-01
1281,45,M,Jessicaland,2022-09-21
1282,42,F,Jenniferville,2024-07-26
1283,67,F,Monicahaven,2024-02-15
1284,40,M,Lake Christine,2022-05-29
1285,48,F,Richardberg,2022-08-08
1286,47,M,Port Paul,2022-07-12
1287,59,M,Port Vickie,2024-07-25
1288,52,M,Scottbury,2023-09-18
1289,24,M,Lake Karen,2023-03-08
1290,33,F,Nashside,2023-06-29
1291,43,F,West David,2022-12-11
1292,65,F,West Allison,2022-02-23
1293,69,M,Lucastown,2022-06-13
1294,66,M,Heatherland,2021-11-19
1295,19,M,North Henry,2022-12-03
1296,18,F,Davidside,2022-09-03
1297,65,M,Jasminmouth,2023-06-15
1298,29,F,West Michelle,2022-01-25
1299,22,F,West Kimberlyton,2023-12-28
1300,54,F,North Jamesview,2024-01-03
1301,49,F,Johnsonmouth,2023-09-28
1302,26,F,South Samanthaview,2022-12-21
1303,58,F,Katherinestad,2021-09-30
1304,52,M,Edwardbury,2023-02-05
1305,36,M,Ramirezburgh,2022-02-13
1306,65,F,Vickieside,2021-10-30
1307,33,F,New Karaburgh,2024-05-27
1308,20,M,Samanthabury,2023-06-12
1309,37,F,Port Briannashire,2023-11-26
1310,41,F,West Jeffrey,2023-09-08
1311,50,M,New Philiphaven,2023-10-02
1312,41,F,Kimberlyton,2021-12-15
1313,69,F,Robertmouth,2022-12-07
1314,28,F,West Nicoleport,2024-03-10
1315,66,M,Kimberlyburgh,2021-09-01
1316,25,M,South Ashleyfort,2023-02-09
1317,53,M,Macdonaldborough,2022-09-22
1318,55,F,Williamsbury,2023-07-06
1319,57,F,Harmonmouth,2022-07-18
1320,37,M,North Matthewville,2024-01-20
1321,52,F,Port Jessicaburgh,2022-04-24
1322,65,F,New Robert,2021-11-11
1323,42,F,Jonathanmouth,2024-06-28
1324,52,F,Johnsonbury,2024-02-01
1325,42,F,Lewisville,2022-05-18
1326,46,M,East Hannah,2022-02-16
1327,35,F,Singhborough,2022-03-29
1328,63,M,Kimhaven,2023-02-18
1329,35,F,Karenport,2023-11-02
1330,19,M,Ianburgh,2022-07-01
1331,52,F,East Jessicaport,2023-11-20
1332,33,M,Pennyshire,2023-01-28
1333,58,F,Rochahaven,2022-02-27
1334,53,M,Jerryhaven,2024-01-19
1335,50,F,Port Lisahaven,2022-01-20
1336,21,M,Port Karenfort,2022-11-20
1337,50,F,East Lorifurt,2021-12-06
1338,31,M,Port Tyler,2024-04-30
1339,38,M,Leslieberg,2023-04-14
1340,65,F,Ryanview,2022-04-07
1341,37,F,Jacquelinechester,2022-06-06
1342,25,M,New Randall,2024-02-15
1343,24,F,South Kellyborough,2023-10-02
1344,20,M,Nancyshire,2023-03-16
1345,34,M,Morrisview,2024-05-06
1346,50,M,Port Brittany,2022-05-22
1347,65,F,South Emily,2022-09-14
1348,29,M,Edwardsland,2022-09-01
1349,68,M,Lake Matthewville,2024-06-19
1350,39,F,West Katherinechester,2021-12-06
1351,39,F,Leshire,2024-02-14
1352,63,F,Lake Christophershire,2022-04-10
1353,47,F,North Lauraport,2021-10-28
1354,55,M,Jaclynfurt,2022-03-07
1355,55,M,Lake Sophia,2023-06-01
1356,62,M,Lake Mason,2022-07-10
1357,68,M,East Feliciaville,2023-12-25
1358,25,F,Port Joel,2022-05-23
1359,44,M,East Jenniferberg,2023-05-30
1360,44,M,West Jamesstad,2023-06-04
1361,51,F,New Jeffrey,2022-11-23
1362,38,M,Port Rebeccamouth,2024-05-22
1363,47,M,Lisamouth,2022-01-21
1364,50,M,North David,2024-08-20
1365,45,M,Port Kimberly,2024-06-02
1366,64,M,Yolandachester,2021-10-30
1367,50,M,South Samuel,2022-04-09
1368,22,F,Russelltown,2022-05-13
1369,65,F,East Amyshire,2023-07-03
1370,36,M,Lauraville,2023-01-27
1371,21,M,Port Cameron,2022-01-14
1372,52,F,Tylerport,2022-03-21
1373,66,M,Josephville,2024-03-21
1374,34,M,New Anthony,2022-12-05
1375,61,M,North Brandimouth,2022-08-05
1376,45,F,Howardton,2022-07-25
1377,47,M,Macdonaldville,2023-01-02
1378,46,F,Kathrynton,2023-03-23
1379,63,M,North Deniseton,2022-01-23
1380,23,F,Cruzburgh,2022-10-29
1381,52,F,South Patriciaville,2022-12-26
1382,58,M,Tuckerview,2023-10-16
1383,54,F,Meganport,2023-09-06
1384,41,M,East Richard,2024-05-14
1385,46,F,Lake Andrew,2023-02-13
1386,66,M,Martinshire,2021-12-02
1387,63,M,Moodyberg,2024-07-20
1388,48,F,Baileyfurt,2023-10-20
1389,52,M,Juanhaven,2023-10-13
1390,50,M,Scottton,2023-07-30
1391,69,F,Kiarafort,2022-08-12
1392,38,M,Paulaport,2022-05-09
1393,49,M,Penningtonberg,2022-07-22
1394,40,F,New Carla,2024-05-29
1395,50,F,Waltonburgh,2022-04-29
1396,20,M,Lake Rachel,2023-05-04
1397,35,M,Stevenhaven,2024-06-10
1398,42,F,North Darrylchester,2021-09-08
1399,59,F,Whitechester,2024-01-20
1400,48,M,South Karen,2022-10-08
1401,20,F,Ninaton,2021-12-10
1402,57,M,Port Michaelchester,2022-01-05
1403,63,M,Cainberg,2022-05-06
1404,41,M,New Alejandroville,2022-09-01
1405,67,M,Litown,2022-02-27
1406,49,M,North Shawnmouth,2023-04-02
1407,64,F,West Jason,2023-10-07
1408,39,F,Matthewmouth,2023-05-05
1409,40,F,West Davidburgh,2022-12-24
1410,19,F,West Paul,2021-12-20
1411,44,M,North Jamesstad,2021-09-19
1412,59,M,Lake Patriciafort,2023-01-22
1413,19,M,Moodyport,2023-10-16
1414,43,M,North Joshuaburgh,2023-08-08
1415,34,F,Petersonmouth,2022-09-22
1416,57,M,Matthewburgh,2022-08-12
1417,50,M,Laurashire,2022-05-07
1418,26,F,Andersonshire,2022-03-08
1419,60,F,Johnnyville,2024-04-03
1420,65,F,Port Debbie,2024-04-11
1421,56,F,Monicaland,2023-05-16
1422,46,M,East Andreamouth,2022-10-30
1423,59,M,Lake Jamie,2023-12-21
1424,43,F,Saramouth,2024-08-05
1425,52,M,New Jacob,2023-10-09
1426,67,M,Lake Madelineport,2022-07-21
1427,42,M,Lake Donnahaven,2022-04-23
1428,41,F,Lake Samantha,2023-09-02
1429,30,M,South Kathleenchester,2024-01-12
1430,24,F,Alecport,2022-02-02
1431,53,M,Cervantesburgh,2023-12-06
1432,62,M,Parkerport,2023-01-02
1433,37,M,Port Linda,2022-05-14
1434,18,F,Anthonyfort,2023-11-30
1435,25,M,Port Mark,2023-03-15
1436,63,F,Farmertown,2023-08-10
1437,33,F,Shannonchester,2024-04-02
1438,31,F,Benjaminchester,2023-08-18
1439,29,M,Port Connie,2022-07-10
1440,68,M,North Jessicabury,2022-11-09
1441,40,M,West Anthonyside,2021-10-05
1442,32,M,New Jason,2022-07-13
1443,45,F,West James,2023-06-11
1444,51,F,East Marymouth,2022-03-18
1445,19,F,Marshallbury,2024-05-29
1446,49,M,East Renee,2023-11-09
1447,40,F,Jenniferchester,2023-07-17
1448,39,M,West Lindsayport,2022-09-26
1449,68,F,Garyfort,2024-02-05
1450,42,M,Port Colin,2023-07-25
1451,39,M,East Dustinburgh,2023-01-07
1452,39,F,West Brian,2021-12-08
1453,66,F,Clarkview,2023-09-28
1454,69,F,South Patrickland,2022-06-18
1455,59,F,Brianstad,2023-12-20
1456,23,M,East Monicatown,2023-07-04
1457,32,F,East Richardmouth,2022-07-02
1458,60,F,North Juan,2023-07-22
1459,54,F,Port Kari,2022-10-09
1460,50,M,South Daniel,2022-10-10
1461,25,M,Richardsonborough,2023-11-03
1462,61,F,West Gary,2022-08-31
1463,61,M,South Randystad,2022-08-26
1464,22,F,Tamiburgh,2023-11-14
1465,56,M,East Keithland,2021-12-11
1466,21,M,West Martha,2022-03-10
1467,23,M,East Nathan,2022-03-16
1468,62,M,Huntberg,2021-09-07
1469,49,F,North Harryport,2022-04-30
1470,69,F,West John,2022-12-23
1471,47,F,New Christianview,2021-10-30
1472,64,M,North Michelle,2022-02-04
1473,52,F,Greerberg,2022-09-13
1474,57,F,Port John,2022-12-21
1475,69,F,New Wesley,2024-01-23
1476,33,M,Williamsshire,2023-01-19
1477,30,M,Herreraland,2024-01-11
1478,67,M,Lake Bryanton,2022-10-25
1479,59,F,New Barbaramouth,2023-07-10
1480,47,F,West Peterborough,2021-10-13
1481,36,F,Kennethborough,2023-10-18
1482,34,M,West Mauricetown,2023-07-14
1483,36,M,East Kellyfurt,2024-02-03
1484,45,F,New Lisaton,2024-03-14
1485,43,M,North Katelyn,2023-08-17
1486,54,M,East Rebeccamouth,2021-10-03
1487,43,M,Dianaland,2022-04-29
1488,40,M,Erikmouth,2022-09-20
1489,26,F,Brookemouth,2022-01-22
1490,29,M,South Hannahchester,2023-04-07
1491,18,M,North Dan,2023-02-26
1492,18,M,South Penny,2022-11-15
1493,64,M,East Juliebury,2023-11-05
1494,51,F,Lake Christine,2024-03-31
1495,49,F,Craigside,2024-03-04
1496,65,M,Port Maureen,2024-07-05
1497,42,M,Lake Larry,2022-01-15
1498,57,M,Bennettside,2022-06-12
1499,62,M,Danafort,2022-12-25
1500,18,M,New Tanya,2022-03-30
1501,33,M,Carolynhaven,2023-12-10
1502,56,F,Adrianaton,2022-11-13
1503,22,M,Williamsmouth,2021-11-08
1504,39,F,Savagefurt,2022-03-04
1505,46,F,Michaelchester,2022-08-09
1506,20,M,Michelechester,2022-04-28
1507,29,F,Millertown,2023-11-03
1508,43,F,North Scottborough,2024-01-03
1509,33,F,Davidton,2023-01-30
1510,68,F,New Lee,2023-04-02
1511,54,F,Lake Gerald,2021-08-27
1512,39,F,Vasquezchester,2022-12-26
1513,46,M,Watkinsville,2022-07-13
1514,31,F,Adamsshire,2022-04-05
1515,45,F,New Jacob,2021-10-25
1516,22,F,South Scott,2022-03-06
1517,64,M,Mirandaview,2022-08-16
1518,66,F,Webbtown,2021-11-19
1519,47,M,Reevesport,2021-10-23
1520,63,F,Lake Jason,2024-02-05
1521,69,M,Port Matthew,2024-06-15
1522,22,M,Lake Robert,2024-06-17
1523,29,F,Port Craig,2022-05-04
1524,33,F,Arielland,2023-01-12
1525,43,M,Estradaberg,2022-07-05
1526,43,F,South Tiffanymouth,2021-09-19
1527,65,M,Gabriellehaven,2023-05-24
1528,38,M,West Elizabeth,2024-01-01
1529,56,M,Moniquestad,2021-12-30
1530,53,M,Joelhaven,2021-10-19
1531,50,M,Perezfort,2023-06-11
1532,47,F,Ryanshire,2022-10-31
1533,54,M,West Deborah,2022-01-27
1534,40,M,Duncanfurt,2023-12-07
1535,27,F,South Michaelside,2023-11-06
1536,22,M,New Daniel,2022-03-28
1537,53,F,East Matthew,2022-10-31
1538,51,F,Wilsonfurt,2023-12-26
1539,69,F,Lake Haleyton,2022-11-02
1540,48,M,West Michelle,2023-01-17
1541,27,M,Davistown,2023-03-25
1542,36,M,Vasquezburgh,2021-09-22
1543,49,F,Michaelchester,2023-02-12
1544,18,M,Hendersonville,2022-11-11
1545,22,F,Tiffanyborough,2023-05-06
1546,62,M,New Mercedesstad,2022-03-26
1547,21,F,East Jay,2023-12-13
1548,33,M,Kelseyton,2024-05-17
1549,41,M,East Christopher,2022-05-29
1550,33,M,South Mark,2023-03-26
1551,19,F,East Ryan,2023-09-14
1552,66,F,Claudiaville,2024-02-17
1553,45,M,Clementsstad,2021-08-25
1554,49,M,Eugenechester,2022-04-03
1555,44,F,Emilyville,2023-11-23
1556,37,F,South Teresaburgh,2022-01-04
1557,41,F,Colinview,2023-06-12
1558,29,M,Lake Abigail,2022-11-26
1559,67,F,Phillipview,2022-05-01
1560,52,M,South Matthew,2021-10-22
1561,50,F,Lake Alexandrafurt,2021-09-03
1562,50,M,Meyerfort,2023-09-01
1563,68,F,Lake Charles,2022-06-21
1564,60,F,Port Stevenland,2022-08-29
1565,54,F,Sueburgh,2022-08-07
1566,29,F,East Jessica,2023-12-21
1567,20,F,Lake Devinberg,2021-09-02
1568,18,M,South Jody,2023-11-04
1569,50,F,Shepardshire,2023-06-18
1570,57,F,Cathyland,2022-01-09
1571,27,F,Burtonburgh,2021-11-26
1572,60,M,South Kristin,2022-07-06
1573,61,F,East Crystal,2022-10-08
1574,46,M,Stevenchester,2022-02-15
1575,30,F,Bradyland,2022-05-31
1576,29,F,Stephanieport,2022-01-12
1577,48,M,Dustinland,2023-02-26
1578,63,F,Port Joelside,2022-12-26
1579,19,M,Jennifershire,2022-04-24
1580,68,M,Arroyoberg,2021-09-08
1581,67,F,Dunnport,2023-08-10
1582,52,M,North Joseph,2024-05-06
1583,40,F,East Donnafurt,2022-08-05
1584,34,F,Youngbury,2022-01-13
1585,43,M,West Jonathan,2024-03-25
1586,25,M,Lake Michael,2021-09-23
1587,46,M,South Elizabeth,2022-10-26
1588,43,M,Joneston,2021-10-01
1589,27,F,Mathisland,2023-11-14
1590,43,F,Lake Kellyberg,2024-01-24
1591,51,M,Anthonyburgh,2022-10-16
1592,68,F,Lake Ashley,2023-09-16
1593,58,F,Port Erikmouth,2023-12-17
1594,24,F,North Jasonstad,2023-02-03
1595,21,F,New Michael,2023-02-23
1596,67,M,Joneston,2023-07-08
1597,62,M,Joshuahaven,2023-08-01
1598,28,F,Freybury,2022-07-31
1599,46,M,West Jenniferport,2021-10-28
1600,53,M,Moyerfort,2022-02-17
1601,42,M,Lake Jeff,2023-12-06
1602,38,F,Barbarafort,2022-08-08
1603,53,F,Ramirezhaven,2021-09-09
1604,27,F,East Mistytown,2023-06-13
1605,54,M,Susanport,2024-05-07
1606,26,F,Smithfurt,2023-12-26
1607,41,F,New Daniel,2022-11-14
1608,52,M,Lake Austinfurt,2023-03-27
1609,66,F,South Thomashaven,2024-06-08
1610,52,F,Lake David,2023-06-01
1611,65,M,East Kristinestad,2022-12-22
1612,53,M,Dontown,2022-12-29
1613,35,M,South Sheena,2022-04-08
1614,66,F,Garnershire,2022-06-03
1615,56,F,Port Bonniemouth,2021-09-03
1616,49,F,Port Pamela,2023-06-18
1617,41,M,Brownshire,2023-04-29
1618,40,M,Austinmouth,2024-04-13
1619,49,F,Lake Jeffreyhaven,2021-11-06
1620,54,F,West Kimberly,2021-09-23
1621,29,M,North Jacobshire,2024-01-29
1622,66,M,West Daniel,2022-02-07
1623,30,M,Amybury,2024-03-17
1624,40,M,South Jamie,2023-09-10
1625,42,F,Saundersmouth,2023-12-18
1626,52,M,Valenzuelaburgh,2023-12-17
1627,58,F,Brightberg,2024-07-01
1628,47,F,Kevinview,2022-05-21
1629,34,F,Lake Stephen,2023-10-12
1630,66,M,Port Mary,2022-02-12
1631,37,M,West Lisa,2023-12-15
1632,65,M,South Matthewberg,2023-03-27
1633,42,M,Joelmouth,2024-06-22
1634,39,F,North Aaron,2022-05-02
1635,30,M,Christinamouth,2021-11-05
1636,36,M,Mariaview,2023-11-11
1637,66,F,North Krystal,2023-09-02
1638,53,M,Taylormouth,2023-01-02
1639,29,F,South Melissa,2021-09-01
1640,58,F,North Jessica,2022-10-10
1641,36,F,South John,2024-08-06
1642,29,F,Melendeztown,2023-09-09
1643,26,F,Andersonton,2022-10-07
1644,24,F,Bishopfurt,2022-05-27
1645,45,F,East Rachelberg,2023-06-25
1646,31,F,Robertstown,2023-08-31
1647,48,M,North Veronicaport,2023-01-02
1648,69,M,East Luiston,2022-01-02
1649,36,M,New Melissa,2024-06-07
1650,64,M,North Sarahville,2024-02-28
1651,33,F,Ramirezburgh,2022-08-14
1652,22,M,Richardchester,2024-07-08
1653,52,F,Cardenasfort,2021-10-18
1654,29,M,West Gregory,2021-08-28
1655,42,M,Nelsonside,2024-05-28
1656,69,M,North Kristen,2022-06-09
1657,38,F,Glenville,2023-04-30
1658,53,M,South Brianstad,2022-04-14
1659,40,F,South Kevinport,2023-05-21
1660,33,F,Dorisport,2022-07-17
1661,56,M,Smithmouth,2023-10-28
1662,62,M,New Matthewburgh,2023-09-20
1663,59,M,Port Jimmyburgh,2021-12-19
1664,56,F,Dawnview,2023-10-06
1665,31,M,Port Benjamin,2023-01-17
1666,48,F,New Michaelborough,2022-07-04
1667,22,F,Paulborough,2021-12-15
1668,52,M,South Alexander,2022-08-04
1669,40,M,Brendaville,2024-02-09
1670,46,F,Wheelermouth,2022-07-06
1671,60,F,Kristinton,2022-01-31
1672,28,F,South Matthew,2022-06-04
1673,35,M,Nelsontown,2022-01-09
1674,64,F,East Nancy,2022-09-23
1675,29,M,Lake Monicashire,2024-03-04
1676,26,F,Nelsonmouth,2023-07-11
1677,27,F,Carlaborough,2022-05-30
1678,61,M,Christopherhaven,2023-07-01
1679,34,F,Ryanside,2023-04-09
1680,55,M,Lake Amyshire,2023-09-15
1681,24,M,Lake Barbara,2021-11-29
1682,63,F,Amberport,2022-02-09
1683,30,M,Kennedybury,2024-05-09
1684,57,M,Grimesland,2023-05-16
1685,59,F,Kellyton,2023-12-29
1686,26,M,Laurastad,2021-09-28
1687,67,M,North Dennis,2021-10-22
1688,44,M,Lake Jessica,2023-11-12
1689,19,F,Lauramouth,2021-11-16
1690,22,M,Jamesville,2022-11-28
1691,46,F,Jacksonburgh,2021-12-04
1692,54,F,Jamestown,2022-07-14
1693,55,M,Hannahview,2022-06-07
1694,36,M,East Deborah,2023-10-30
1695,25,M,Lake Brandonstad,2024-06-04
1696,65,F,Jesusmouth,2022-05-24
1697,62,M,West Marc,2022-01-21
1698,18,M,North Katie,2023-02-27
1699,39,M,New Seth,2023-07-01
1700,69,M,Christianfort,2023-02-02
1701,34,M,Morganland,2022-07-01
1702,24,F,West Jessicaview,2024-03-26
1703,42,F,Port Traceyshire,2023-01-12
1704,62,M,East Brandonchester,2022-06-10
1705,21,M,New Blakechester,2022-03-29
1706,53,M,Alexandertown,2021-09-15
1707,23,M,Mooretown,2023-10-05
1708,48,F,Loweryport,2024-03-26
1709,36,M,Lake Jill,2024-08-15
1710,61,F,New Glennton,2022-06-23
1711,56,F,Jonathanchester,2024-08-17
1712,44,M,Mcleanshire,2023-02-17
1713,27,F,Youngton,2023-11-13
1714,43,F,Kelseyville,2021-10-20
1715,36,F,New Colleenmouth,2023-09-11
1716,56,F,Stephaniebury,2024-01-08
1717,20,M,Sanchezstad,2023-12-04
1718,62,M,Lake Robertland,2021-09-23
1719,30,F,Lake Kara,2024-05-01
1720,67,M,Port Victoria,2022-01-21
1721,45,M,West Tina,2023-02-26
1722,37,M,Lake Kevin,2022-03-16
1723,45,M,North Erinborough,2023-07-31
1724,25,M,South Elizabeth,2024-03-12
1725,58,F,North Leah,2023-02-05
1726,56,M,East Jessechester,2022-04-11
1727,18,M,Harmonton,2023-09-21
1728,20,M,East Jonathan,2023-03-19
1729,30,M,New Thomaschester,2022-02-13
1730,45,F,New Nicoleside,2021-10-04
1731,66,F,South Timothyside,2023-01-25
1732,42,F,Andreberg,2022-03-06
1733,50,F,Bowenview,2022-01-09
1734,55,M,Lake Sara,2022-11-04
1735,23,F,New Abigailberg,2023-05-17
1736,61,M,South Seth,2023-12-16
1737,62,M,New Monique,2024-02-09
1738,49,M,Port Meghan,2022-08-22
1739,62,M,Greenfort,2022-06-22
1740,64,M,South Johnburgh,2024-05-03
1741,38,F,New Rhondaburgh,2022-11-02
1742,33,F,New David,2023-09-03
1743,38,F,Lake Nathaniel,2023-09-07
1744,28,F,Davischester,2024-08-12
1745,54,M,Tarastad,2024-05-22
1746,53,F,North Jenniferton,2022-04-25
1747,52,M,Port Jonfort,2023-03-19
1748,36,F,New Jessicatown,2021-12-14
1749,37,M,Carlafurt,2022-08-21
1750,35,M,Jasonton,2024-06-05
1751,64,F,Crawfordmouth,2024-01-19
1752,58,M,Angelaville,2022-03-05
1753,66,M,Josephfort,2023-10-26
1754,31,F,West Justinhaven,2023-12-01
1755,32,M,Lake Rhondashire,2021-09-24
1756,48,F,Pamelaport,2022-05-08
1757,18,F,Port Jennifer,2023-06-28
1758,20,F,New Debra,2023-05-08
1759,33,M,North Austinview,2023-11-11
1760,40,M,Pamelashire,2023-01-14
1761,28,M,East Bonniefort,2022-03-04
1762,29,F,New Jasonton,2024-07-29
1763,27,M,Amandatown,2021-11-21
1764,49,F,North Marychester,2022-05-15
1765,33,F,Taylormouth,2022-01-26
1766,25,M,Port Ryanview,2022-01-06
1767,55,F,Danielport,2024-06-23
1768,29,M,Lake Mckenzie,2023-08-13
1769,41,M,Davismouth,2022-11-06
1770,45,M,Pennystad,2024-05-01
1771,25,M,Michaelside,2022-02-07
1772,45,M,Rothmouth,2022-04-15
1773,53,F,Rodriguezview,2023-08-08
1774,43,F,New Michaelmouth,2023-03-07
1775,25,F,Camposville,2022-10-16
1776,67,M,Davisshire,2022-06-30
1777,45,M,New David,2022-11-23
1778,45,M,Jessicaton,2024-07-15
1779,54,F,Lake Stephanie,2022-02-03
1780,58,M,Cobbburgh,2021-09-16
1781,53,F,West John,2022-04-15
1782,44,F,North Christopherchester,2022-02-20
1783,34,M,Josephside,2022-07-03
1784,26,M,New Katelyn,2022-01-11
1785,50,F,Port Vanessa,2022-09-13
1786,37,M,Pamelaborough,2021-09-30
1787,30,F,New Valerie,2021-12-24
1788,45,M,Port Danielport,2022-12-12
1789,65,M,Shawnville,2022-08-03
1790,46,F,South Michael,2024-08-07
1791,30,M,West Richard,2023-07-27
1792,63,F,Woodview,2023-08-10
1793,52,M,East Colleentown,2022-03-02
1794,23,F,Martinfort,2024-03-11
1795,35,F,New Dillon,2024-02-11
1796,68,M,New Kelly,2022-04-09
1797,22,F,Whitetown,2022-12-29
1798,64,M,Lake Tracy,2023-03-17
1799,42,M,Port Paul,2021-08-26
1800,19,M,Hallhaven,2022-10-08
1801,27,F,Michaelside,2022-12-20
1802,47,F,New Shelia,2024-06-05
1803,67,M,Adkinsland,2022-06-11
1804,62,M,Robertmouth,2024-05-02
1805,22,F,West Jeffrey,2023-07-23
1806,50,M,East Theresashire,2021-10-05
1807,18,M,Port Jennifer,2022-05-14
1808,35,F,New Samuelborough,2023-07-03
1809,49,M,West Richardville,2023-05-02
1810,64,F,West Lawrence,2024-04-22
1811,66,M,East Robert,2021-09-06
1812,28,F,West Kimberlyview,2024-04-08
1813,38,M,New Dylanport,2022-11-08
1814,43,M,Lake Joshuabury,2022-09-29
1815,42,F,Garciaville,2023-03-13
1816,39,M,Lake Nicole,2024-07-25
1817,44,F,North Ryan,2022-02-05
1818,66,M,Port Jennashire,2021-12-04
1819,30,F,West Codyview,2021-09-22
1820,50,F,West Kevin,2024-05-23
1821,51,F,Alexandrahaven,2022-10-23
1822,58,F,East Meganview,2023-02-22
1823,52,M,Port Miguelside,2023-06-07
1824,18,M,South Aaron,2022-01-05
1825,38,F,Phillipshaven,2024-05-14
1826,65,F,Benjaminview,2022-11-14
1827,23,F,Kristinport,2021-11-28
1828,45,M,Melissafurt,2023-10-22
1829,34,M,Andreaside,2022-07-17
1830,22,M,West Deborah,2022-12-06
1831,48,M,Aimeeville,2023-12-29
1832,22,F,Dianashire,2024-07-24
1833,55,F,Bennettchester,2024-06-14
1834,20,F,East Theresaview,2022-09-18
1835,40,M,Cranetown,2024-01-29
1836,54,M,East Marcoberg,2022-02-01
1837,54,M,West Sylvia,2022-05-05
1838,27,F,Port Markton,2023-04-11
1839,27,F,Port Michaeltown,2024-02-15
1840,36,M,North Jamesborough,2023-12-11
1841,34,F,Christensenstad,2023-03-25
1842,38,M,Michaelside,2022-02-13
1843,31,M,North Deanville,2021-09-16
1844,26,F,Rosalesland,2022-12-29
1845,63,M,North Maria,2023-08-10
1846,18,F,West Johnshire,2024-08-08
1847,68,M,Port Adrianchester,2023-04-14
1848,62,F,Lake Sharonfort,2024-05-05
1849,30,F,Timothyborough,2024-02-24
1850,21,F,Kathychester,2023-01-20
1851,18,M,New Melinda,2023-08-12
1852,66,M,Jesseton,2022-09-26
1853,57,F,West Alison,2022-01-31
1854,49,F,Diazchester,2023-12-03
1855,51,M,Scottberg,2023-01-07
1856,45,M,Lake David,2021-11-08
1857,48,M,Wendyton,2024-03-28
1858,25,F,Wilsonchester,2022-01-02
1859,56,M,East Amber,2023-12-16
1860,43,M,Crosbyport,2022-12-17
1861,51,F,Cathyborough,2021-11-23
1862,20,M,Powellshire,2022-06-08
1863,67,M,Heidiberg,2023-09-13
1864,29,M,Stephanieborough,2024-01-19
1865,18,F,East Christophertown,2022-01-20
1866,61,F,West Frederick,2022-01-08
1867,22,F,Elizabethview,2022-12-18
1868,47,F,East Karen,2023-03-15
1869,47,F,West Rebecca,2022-10-23
1870,34,F,Kennethshire,2022-07-21
1871,65,F,Davenportfort,2024-07-02
1872,64,M,Lukeview,2024-08-09
1873,40,M,Howardland,2022-09-16
1874,32,F,Josephmouth,2024-03-05
1875,54,M,Mossberg,2023-10-25
1876,38,M,West Michele,2023-12-06
1877,31,F,Erikamouth,2023-02-15
1878,19,M,West Matthew,2024-04-07
1879,28,M,Amandaburgh,2024-07-17
1880,68,M,Trevorchester,2022-09-24
1881,56,M,East Mariatown,2024-01-06
1882,55,M,New Patriciaborough,2022-06-15
1883,51,F,Lake Heatherfurt,2023-12-17
1884,55,F,South Brandonview,2023-11-23
1885,67,F,North Amanda,2023-05-25
1886,51,M,Sandersstad,2022-02-01
1887,35,F,Arianachester,2023-11-22
1888,47,M,Stevensmouth,2022-03-08
1889,32,M,Jeremychester,2023-04-23
1890,44,M,Bennettstad,2023-09-19
1891,68,M,Lake Matthewberg,2023-04-16
1892,51,F,Yolandastad,2022-03-15
1893,69,F,Lake Derekberg,2023-04-01
1894,55,M,Lake Kenneth,2023-10-12
1895,50,F,Lake Kyleton,2023-07-12
1896,41,M,West Stevechester,2023-08-29
1897,32,F,Fergusonshire,2024-05-26
1898,47,F,East Marybury,2023-08-29
1899,59,M,Floresside,2024-01-18
1900,68,F,Lake Daniel,2024-04-17
1901,34,M,West Conniefort,2023-09-02
1902,22,F,North Matthew,2021-10-17
1903,46,M,South Jordanburgh,2022-10-25
1904,21,M,Port Susanfort,2022-07-21
1905,27,F,Kathrynbury,2024-08-07
1906,34,F,Justinbury,2021-12-04
1907,27,M,Brewerberg,2022-04-07
1908,34,F,Boyerland,2022-05-26
1909,37,F,Brownborough,2024-05-26
1910,41,M,Port Steve,2022-11-09
1911,22,M,Jenniferland,2023-09-19
1912,51,F,Lake Adrian,2023-06-03
1913,23,M,Lake Kristie,2024-07-15
1914,19,M,Josephland,2023-05-20
1915,30,M,Pamborough,2022-11-13
1916,60,F,New Julieland,2023-07-15
1917,60,F,Royfurt,2022-03-10
1918,65,M,South Gailside,2024-07-05
1919,28,F,East Jameshaven,2023-10-25
1920,68,M,Sarahview,2022-12-18
1921,64,F,Rodriguezport,2022-01-20
1922,40,M,West Erika,2022-05-18
1923,33,M,Daniellechester,2021-09-23
1924,48,F,Laurenburgh,2022-12-19
1925,28,M,Lake Brettside,2024-02-09
1926,33,F,West Samuelland,2022-01-24
1927,25,F,Michaelmouth,2023-11-14
1928,21,M,Port Scott,2023-08-14
1929,57,M,Cunninghammouth,2021-10-03
1930,21,F,Richardville,2023-02-08
1931,42,M,Stephanietown,2024-01-25
1932,20,M,North Lori,2022-01-31
1933,49,M,Helenberg,2021-11-01
1934,20,M,West Jill,2023-11-05
1935,44,M,Shepardtown,2022-08-03
1936,46,F,New Kenneth,2023-05-13
1937,49,F,Christianview,2023-03-04
1938,67,M,East Veronica,2022-10-22
1939,68,M,South Marymouth,2023-11-04
1940,36,M,Clarkland,2022-04-14
1941,38,F,Port Vincentburgh,2023-03-28
1942,22,M,Mauricestad,2023-04-06
1943,35,F,New Christopher,2023-12-04
1944,45,F,Lake Mariofurt,2024-06-08
1945,59,F,New Ericmouth,2024-03-02
1946,39,M,Rebeccaland,2023-10-27
1947,38,F,North Chase,2021-10-20
1948,23,M,Dawnville,2022-03-13
1949,18,F,North Phillipshire,2023-11-25
1950,22,M,North Kerry,2022-02-07
1951,58,F,East Jeffreyburgh,2024-07-13
1952,29,M,East Justin,2022-09-25
1953,43,F,New Lindafurt,2024-07-31
1954,63,M,Christinefurt,2023-04-15
1955,51,M,Kimberlychester,2023-09-27
1956,66,M,Cortezchester,2022-03-20
1957,31,M,Charlestown,2023-03-02
1958,43,F,Jamestown,2021-12-26
1959,62,F,Lake Stephen,2022-03-28
1960,44,M,Reyesberg,2024-02-21
1961,26,F,New Tony,2024-04-14
1962,43,M,East Austin,2022-07-16
1963,64,M,New Andrea,2023-04-07
1964,39,F,Cynthiashire,2023-04-27
1965,64,M,Maryborough,2024-03-06
1966,47,M,North Michael,2022-05-03
1967,60,F,New Ronald,2023-07-16
1968,65,M,Jillberg,2022-12-23
1969,34,M,Rodgersshire,2022-09-21
1970,43,M,Reginahaven,2021-09-18
1971,53,M,North Paigeton,2024-03-14
1972,18,F,Belindamouth,2023-12-21
1973,25,F,Coletown,2023-02-18
1974,66,F,East Ann,2022-09-18
1975,52,M,West Jacob,2023-11-08
1976,69,M,Port Gabriellafurt,2024-01-04
1977,32,F,Port Aprilstad,2022-01-16
1978,64,M,Derekfort,2023-01-17
1979,39,M,South Cory,2023-09-12
1980,31,M,Valenciabury,2022-02-16
1981,43,M,Mariamouth,2023-06-16
1982,45,F,Lopezland,2023-05-24
1983,40,F,Angelastad,2022-12-13
1984,31,F,Darrellberg,2022-09-13
1985,41,M,Ericbury,2024-03-27
1986,19,F,Mckenzieburgh,2022-08-18
1987,62,F,Lake Michaelside,2022-12-11
1988,43,M,Hallberg,2023-12-25
1989,31,M,Harmonstad,2022-11-02
1990,68,F,Oliverhaven,2024-03-27
1991,24,F,Feliciamouth,2023-06-08
1992,20,F,Cassidystad,2023-06-30
1993,64,F,Lake Amy,2024-06-02
1994,40,M,Johnsonborough,2023-06-20
1995,63,F,Wrightview,2024-04-24
1996,60,F,Campbellstad,2021-11-16
1997,64,M,Nicoleton,2023-11-10
1998,62,F,Devinville,2021-12-23
1999,35,M,Michaelbury,2022-11-24
2000,55,M,Jonesport,2024-07-15
